"","Y","W","U","X","M1","M2","M3","M4"
"1",2,3,4,5,0,0,0,0
"2",2,3,4,6,0,0,0,0
"3",2,3,4,7,0,0,0,0
"4",2,3,4,8,0,0,0,0
"5",2,3,5,4,0,0,0,0
"6",2,3,5,6,0,0,0,0
"7",2,3,5,7,0,0,0,0
"8",2,3,5,8,0,0,0,0
"9",2,3,6,4,0,0,0,0
"10",2,3,6,5,0,0,0,0
"11",2,3,6,7,0,0,0,0
"12",2,3,6,8,0,0,0,0
"13",2,3,7,4,0,0,0,0
"14",2,3,7,5,0,0,0,0
"15",2,3,7,6,0,0,0,0
"16",2,3,7,8,0,0,0,0
"17",2,3,8,4,0,0,0,0
"18",2,3,8,5,0,0,0,0
"19",2,3,8,6,0,0,0,0
"20",2,3,8,7,0,0,0,0
"21",2,4,3,5,0,0,0,0
"22",2,4,3,6,0,0,0,0
"23",2,4,3,7,0,0,0,0
"24",2,4,3,8,0,0,0,0
"25",2,4,5,3,0,0,0,0
"26",2,4,5,6,0,0,0,0
"27",2,4,5,7,1,1,0,0
"28",2,4,5,8,0,1,1,1
"29",2,4,6,3,0,0,0,0
"30",2,4,6,5,0,0,0,0
"31",2,4,6,7,0,0,0,0
"32",2,4,6,8,0,0,0,0
"33",2,4,7,3,0,0,0,0
"34",2,4,7,5,1,0,0,0
"35",2,4,7,6,0,0,0,0
"36",2,4,7,8,0,0,0,0
"37",2,4,8,3,0,0,0,0
"38",2,4,8,5,0,0,0,0
"39",2,4,8,6,0,0,0,0
"40",2,4,8,7,0,0,0,0
"41",2,5,3,4,0,0,0,0
"42",2,5,3,6,0,0,0,0
"43",2,5,3,7,0,0,0,0
"44",2,5,3,8,0,0,0,0
"45",2,5,4,3,0,0,0,0
"46",2,5,4,6,0,0,0,0
"47",2,5,4,7,0,0,0,0
"48",2,5,4,8,0,0,1,0
"49",2,5,6,3,0,0,0,0
"50",2,5,6,4,0,0,0,0
"51",2,5,6,7,0,0,0,0
"52",2,5,6,8,0,0,0,0
"53",2,5,7,3,0,0,0,0
"54",2,5,7,4,0,0,0,0
"55",2,5,7,6,0,0,0,0
"56",2,5,7,8,0,0,0,0
"57",2,5,8,3,0,0,0,0
"58",2,5,8,4,0,0,0,0
"59",2,5,8,6,0,0,0,0
"60",2,5,8,7,0,0,0,0
"61",2,6,3,4,0,0,0,0
"62",2,6,3,5,0,0,0,0
"63",2,6,3,7,0,0,0,0
"64",2,6,3,8,0,0,0,0
"65",2,6,4,3,0,0,0,0
"66",2,6,4,5,0,0,0,0
"67",2,6,4,7,0,0,0,0
"68",2,6,4,8,0,0,0,0
"69",2,6,5,3,0,0,0,0
"70",2,6,5,4,0,0,0,0
"71",2,6,5,7,0,0,0,0
"72",2,6,5,8,0,0,0,0
"73",2,6,7,3,0,0,0,0
"74",2,6,7,4,0,0,0,0
"75",2,6,7,5,0,0,0,0
"76",2,6,7,8,0,0,0,0
"77",2,6,8,3,0,0,0,0
"78",2,6,8,4,0,0,0,0
"79",2,6,8,5,0,0,0,0
"80",2,6,8,7,0,0,0,0
"81",2,7,3,4,0,0,0,0
"82",2,7,3,5,0,0,0,0
"83",2,7,3,6,0,0,0,0
"84",2,7,3,8,0,0,0,0
"85",2,7,4,3,0,0,0,0
"86",2,7,4,5,0,0,0,0
"87",2,7,4,6,0,0,0,0
"88",2,7,4,8,0,0,0,0
"89",2,7,5,3,0,0,0,0
"90",2,7,5,4,0,0,0,0
"91",2,7,5,6,0,0,0,0
"92",2,7,5,8,0,0,0,0
"93",2,7,6,3,0,0,0,0
"94",2,7,6,4,0,0,0,0
"95",2,7,6,5,0,0,0,0
"96",2,7,6,8,0,0,0,0
"97",2,7,8,3,0,0,0,0
"98",2,7,8,4,0,0,0,0
"99",2,7,8,5,0,0,1,1
"100",2,7,8,6,0,0,0,0
"101",2,8,3,4,0,0,0,0
"102",2,8,3,5,0,0,0,0
"103",2,8,3,6,0,0,0,0
"104",2,8,3,7,0,0,0,0
"105",2,8,4,3,0,0,0,0
"106",2,8,4,5,0,0,0,0
"107",2,8,4,6,0,0,0,0
"108",2,8,4,7,0,0,0,0
"109",2,8,5,3,0,0,0,0
"110",2,8,5,4,0,0,0,0
"111",2,8,5,6,0,0,0,0
"112",2,8,5,7,0,0,0,0
"113",2,8,6,3,0,0,0,0
"114",2,8,6,4,0,0,0,0
"115",2,8,6,5,0,0,0,0
"116",2,8,6,7,0,0,0,0
"117",2,8,7,3,0,0,0,0
"118",2,8,7,4,0,0,0,0
"119",2,8,7,5,0,0,1,0
"120",2,8,7,6,0,0,0,0
"121",3,2,4,5,0,0,0,0
"122",3,2,4,6,0,0,0,0
"123",3,2,4,7,0,0,0,0
"124",3,2,4,8,0,0,0,0
"125",3,2,5,4,0,0,0,0
"126",3,2,5,6,0,0,0,0
"127",3,2,5,7,0,0,0,0
"128",3,2,5,8,0,0,0,0
"129",3,2,6,4,0,0,0,0
"130",3,2,6,5,0,0,0,0
"131",3,2,6,7,0,0,0,0
"132",3,2,6,8,0,0,0,0
"133",3,2,7,4,0,0,0,0
"134",3,2,7,5,0,0,0,0
"135",3,2,7,6,0,0,0,0
"136",3,2,7,8,0,0,0,0
"137",3,2,8,4,0,0,0,0
"138",3,2,8,5,0,0,0,0
"139",3,2,8,6,0,0,0,0
"140",3,2,8,7,0,0,0,0
"141",3,4,2,5,0,0,0,0
"142",3,4,2,6,0,0,0,0
"143",3,4,2,7,0,0,0,0
"144",3,4,2,8,0,0,0,0
"145",3,4,5,2,0,0,0,0
"146",3,4,5,6,0,0,0,0
"147",3,4,5,7,0,0,0,0
"148",3,4,5,8,0,0,0,0
"149",3,4,6,2,0,0,0,0
"150",3,4,6,5,0,0,0,0
"151",3,4,6,7,0,0,0,0
"152",3,4,6,8,0,0,0,0
"153",3,4,7,2,0,0,0,0
"154",3,4,7,5,0,0,0,0
"155",3,4,7,6,0,0,0,0
"156",3,4,7,8,0,0,0,0
"157",3,4,8,2,0,0,0,0
"158",3,4,8,5,0,0,0,0
"159",3,4,8,6,0,0,0,0
"160",3,4,8,7,0,0,0,0
"161",3,5,2,4,0,0,0,0
"162",3,5,2,6,0,0,0,0
"163",3,5,2,7,0,0,0,0
"164",3,5,2,8,0,0,0,0
"165",3,5,4,2,0,0,0,0
"166",3,5,4,6,0,0,0,0
"167",3,5,4,7,0,0,0,0
"168",3,5,4,8,0,0,0,0
"169",3,5,6,2,0,0,0,0
"170",3,5,6,4,0,0,0,0
"171",3,5,6,7,0,0,0,0
"172",3,5,6,8,0,0,0,0
"173",3,5,7,2,0,0,0,0
"174",3,5,7,4,0,0,0,0
"175",3,5,7,6,0,0,0,0
"176",3,5,7,8,0,0,0,0
"177",3,5,8,2,0,0,0,0
"178",3,5,8,4,0,0,0,0
"179",3,5,8,6,0,0,0,0
"180",3,5,8,7,0,0,0,0
"181",3,6,2,4,0,0,0,0
"182",3,6,2,5,0,0,0,0
"183",3,6,2,7,0,0,0,0
"184",3,6,2,8,0,0,0,0
"185",3,6,4,2,0,0,0,0
"186",3,6,4,5,0,0,0,0
"187",3,6,4,7,0,0,0,0
"188",3,6,4,8,0,0,0,0
"189",3,6,5,2,0,0,0,0
"190",3,6,5,4,0,0,0,0
"191",3,6,5,7,0,0,0,0
"192",3,6,5,8,0,0,0,0
"193",3,6,7,2,0,0,0,0
"194",3,6,7,4,0,0,0,0
"195",3,6,7,5,0,0,0,0
"196",3,6,7,8,0,0,0,0
"197",3,6,8,2,0,0,0,0
"198",3,6,8,4,0,0,0,0
"199",3,6,8,5,0,0,0,0
"200",3,6,8,7,0,0,0,0
"201",3,7,2,4,0,0,0,0
"202",3,7,2,5,0,0,0,0
"203",3,7,2,6,0,0,0,0
"204",3,7,2,8,0,0,0,0
"205",3,7,4,2,0,0,0,0
"206",3,7,4,5,0,0,0,0
"207",3,7,4,6,0,0,0,0
"208",3,7,4,8,0,0,0,0
"209",3,7,5,2,0,0,0,0
"210",3,7,5,4,0,0,0,0
"211",3,7,5,6,0,0,0,0
"212",3,7,5,8,0,0,0,0
"213",3,7,6,2,0,0,0,0
"214",3,7,6,4,0,0,0,0
"215",3,7,6,5,0,0,0,0
"216",3,7,6,8,0,0,0,0
"217",3,7,8,2,0,0,0,0
"218",3,7,8,4,0,0,0,0
"219",3,7,8,5,0,0,0,0
"220",3,7,8,6,0,0,0,0
"221",3,8,2,4,0,0,0,0
"222",3,8,2,5,0,0,0,0
"223",3,8,2,6,0,0,0,0
"224",3,8,2,7,0,0,0,0
"225",3,8,4,2,0,0,0,0
"226",3,8,4,5,0,0,0,0
"227",3,8,4,6,0,0,0,0
"228",3,8,4,7,0,0,0,0
"229",3,8,5,2,0,0,0,0
"230",3,8,5,4,0,0,0,0
"231",3,8,5,6,0,0,0,0
"232",3,8,5,7,0,0,0,0
"233",3,8,6,2,0,0,0,0
"234",3,8,6,4,0,0,0,0
"235",3,8,6,5,0,0,0,0
"236",3,8,6,7,0,0,0,0
"237",3,8,7,2,0,0,0,0
"238",3,8,7,4,0,0,0,0
"239",3,8,7,5,0,0,0,0
"240",3,8,7,6,0,0,0,0
"241",4,2,3,5,0,0,0,0
"242",4,2,3,6,0,0,0,0
"243",4,2,3,7,0,0,0,0
"244",4,2,3,8,0,0,0,0
"245",4,2,5,3,0,0,0,0
"246",4,2,5,6,0,0,1,0
"247",4,2,5,7,1,0,1,1
"248",4,2,5,8,0,0,1,1
"249",4,2,6,3,0,0,0,0
"250",4,2,6,5,0,0,1,0
"251",4,2,6,7,0,0,1,0
"252",4,2,6,8,0,0,1,0
"253",4,2,7,3,0,0,0,0
"254",4,2,7,5,1,0,1,1
"255",4,2,7,6,0,0,1,0
"256",4,2,7,8,0,0,1,0
"257",4,2,8,3,0,0,0,0
"258",4,2,8,5,0,0,1,1
"259",4,2,8,6,0,0,1,0
"260",4,2,8,7,0,0,1,0
"261",4,3,2,5,0,0,0,0
"262",4,3,2,6,0,0,0,0
"263",4,3,2,7,0,0,0,0
"264",4,3,2,8,0,0,0,0
"265",4,3,5,2,0,0,0,0
"266",4,3,5,6,0,0,0,0
"267",4,3,5,7,0,0,0,0
"268",4,3,5,8,0,0,0,0
"269",4,3,6,2,0,0,0,0
"270",4,3,6,5,0,0,0,0
"271",4,3,6,7,0,0,0,0
"272",4,3,6,8,0,0,0,0
"273",4,3,7,2,0,0,0,0
"274",4,3,7,5,0,0,0,0
"275",4,3,7,6,0,0,0,0
"276",4,3,7,8,0,0,0,0
"277",4,3,8,2,0,0,0,0
"278",4,3,8,5,0,0,0,0
"279",4,3,8,6,0,0,0,0
"280",4,3,8,7,0,0,0,0
"281",4,5,2,3,0,0,0,0
"282",4,5,2,6,0,0,1,1
"283",4,5,2,7,0,0,1,1
"284",4,5,2,8,0,0,1,1
"285",4,5,3,2,0,0,0,0
"286",4,5,3,6,0,0,0,0
"287",4,5,3,7,0,0,0,0
"288",4,5,3,8,0,0,0,0
"289",4,5,6,2,0,0,1,1
"290",4,5,6,3,0,0,0,0
"291",4,5,6,7,0,0,1,0
"292",4,5,6,8,0,0,1,1
"293",4,5,7,2,0,1,1,1
"294",4,5,7,3,0,0,0,0
"295",4,5,7,6,0,0,1,0
"296",4,5,7,8,0,0,1,0
"297",4,5,8,2,0,1,1,1
"298",4,5,8,3,0,0,0,0
"299",4,5,8,6,0,1,1,1
"300",4,5,8,7,0,1,1,0
"301",4,6,2,3,0,0,0,0
"302",4,6,2,5,0,0,1,0
"303",4,6,2,7,0,0,1,0
"304",4,6,2,8,0,0,1,0
"305",4,6,3,2,0,0,0,0
"306",4,6,3,5,0,0,0,0
"307",4,6,3,7,0,0,0,0
"308",4,6,3,8,0,0,0,0
"309",4,6,5,2,0,0,1,0
"310",4,6,5,3,0,0,0,0
"311",4,6,5,7,0,0,1,0
"312",4,6,5,8,0,0,1,1
"313",4,6,7,2,0,0,1,0
"314",4,6,7,3,0,0,0,0
"315",4,6,7,5,0,0,1,0
"316",4,6,7,8,0,1,1,1
"317",4,6,8,2,0,0,1,0
"318",4,6,8,3,0,0,0,0
"319",4,6,8,5,0,0,1,1
"320",4,6,8,7,0,0,1,1
"321",4,7,2,3,0,0,0,0
"322",4,7,2,5,0,0,1,1
"323",4,7,2,6,0,0,1,1
"324",4,7,2,8,0,0,1,0
"325",4,7,3,2,0,0,0,0
"326",4,7,3,5,0,0,0,0
"327",4,7,3,6,0,0,0,0
"328",4,7,3,8,0,0,0,0
"329",4,7,5,2,0,1,1,1
"330",4,7,5,3,0,0,0,0
"331",4,7,5,6,0,1,1,1
"332",4,7,5,8,0,1,1,1
"333",4,7,6,2,0,1,1,1
"334",4,7,6,3,0,0,0,0
"335",4,7,6,5,0,1,1,1
"336",4,7,6,8,0,1,1,1
"337",4,7,8,2,0,0,1,0
"338",4,7,8,3,0,0,0,0
"339",4,7,8,5,0,1,1,1
"340",4,7,8,6,0,1,1,1
"341",4,8,2,3,0,0,0,0
"342",4,8,2,5,0,0,1,1
"343",4,8,2,6,0,0,1,1
"344",4,8,2,7,0,0,1,1
"345",4,8,3,2,0,0,0,0
"346",4,8,3,5,0,0,0,0
"347",4,8,3,6,0,0,0,0
"348",4,8,3,7,0,0,0,0
"349",4,8,5,2,0,1,1,1
"350",4,8,5,3,0,0,0,0
"351",4,8,5,6,0,1,1,1
"352",4,8,5,7,0,1,1,0
"353",4,8,6,2,0,0,1,1
"354",4,8,6,3,0,0,0,0
"355",4,8,6,5,0,0,1,1
"356",4,8,6,7,0,0,1,1
"357",4,8,7,2,0,1,1,1
"358",4,8,7,3,0,0,0,0
"359",4,8,7,5,0,0,1,0
"360",4,8,7,6,0,1,1,1
"361",5,2,3,4,0,0,0,0
"362",5,2,3,6,0,0,0,0
"363",5,2,3,7,0,0,0,0
"364",5,2,3,8,0,0,0,0
"365",5,2,4,3,0,0,0,0
"366",5,2,4,6,0,0,0,0
"367",5,2,4,7,0,0,0,0
"368",5,2,4,8,0,0,0,0
"369",5,2,6,3,0,0,0,0
"370",5,2,6,4,0,0,0,0
"371",5,2,6,7,0,0,0,0
"372",5,2,6,8,0,0,1,0
"373",5,2,7,3,0,0,0,0
"374",5,2,7,4,0,0,0,0
"375",5,2,7,6,0,0,0,0
"376",5,2,7,8,0,0,0,0
"377",5,2,8,3,0,0,0,0
"378",5,2,8,4,0,0,0,0
"379",5,2,8,6,0,0,1,0
"380",5,2,8,7,0,0,0,0
"381",5,3,2,4,0,0,0,0
"382",5,3,2,6,0,0,0,0
"383",5,3,2,7,0,0,0,0
"384",5,3,2,8,0,0,0,0
"385",5,3,4,2,0,0,0,0
"386",5,3,4,6,0,0,0,0
"387",5,3,4,7,0,0,0,0
"388",5,3,4,8,0,0,0,0
"389",5,3,6,2,0,0,0,0
"390",5,3,6,4,0,0,0,0
"391",5,3,6,7,0,0,0,0
"392",5,3,6,8,0,0,0,0
"393",5,3,7,2,0,0,0,0
"394",5,3,7,4,0,0,0,0
"395",5,3,7,6,0,0,0,0
"396",5,3,7,8,0,0,0,0
"397",5,3,8,2,0,0,0,0
"398",5,3,8,4,0,0,0,0
"399",5,3,8,6,0,0,0,0
"400",5,3,8,7,0,0,0,0
"401",5,4,2,3,0,0,0,0
"402",5,4,2,6,0,0,0,0
"403",5,4,2,7,0,0,0,0
"404",5,4,2,8,0,0,0,0
"405",5,4,3,2,0,0,0,0
"406",5,4,3,6,0,0,0,0
"407",5,4,3,7,0,0,0,0
"408",5,4,3,8,0,0,0,0
"409",5,4,6,2,0,0,0,0
"410",5,4,6,3,0,0,0,0
"411",5,4,6,7,0,0,0,0
"412",5,4,6,8,0,0,0,0
"413",5,4,7,2,0,0,0,0
"414",5,4,7,3,0,0,0,0
"415",5,4,7,6,0,0,0,0
"416",5,4,7,8,0,0,0,0
"417",5,4,8,2,0,0,0,0
"418",5,4,8,3,0,0,0,0
"419",5,4,8,6,0,0,0,0
"420",5,4,8,7,0,0,0,0
"421",5,6,2,3,0,0,0,0
"422",5,6,2,4,0,0,0,0
"423",5,6,2,7,0,0,0,0
"424",5,6,2,8,0,0,1,0
"425",5,6,3,2,0,0,0,0
"426",5,6,3,4,0,0,0,0
"427",5,6,3,7,0,0,0,0
"428",5,6,3,8,0,0,0,0
"429",5,6,4,2,0,0,0,0
"430",5,6,4,3,0,0,0,0
"431",5,6,4,7,0,0,0,0
"432",5,6,4,8,0,0,0,0
"433",5,6,7,2,0,0,1,0
"434",5,6,7,3,0,0,0,0
"435",5,6,7,4,0,0,0,0
"436",5,6,7,8,0,0,0,0
"437",5,6,8,2,0,0,1,0
"438",5,6,8,3,0,0,0,0
"439",5,6,8,4,0,0,0,0
"440",5,6,8,7,0,0,0,0
"441",5,7,2,3,0,0,0,0
"442",5,7,2,4,0,0,0,0
"443",5,7,2,6,0,0,0,0
"444",5,7,2,8,0,0,0,0
"445",5,7,3,2,0,0,0,0
"446",5,7,3,4,0,0,0,0
"447",5,7,3,6,0,0,0,0
"448",5,7,3,8,0,0,0,0
"449",5,7,4,2,0,0,0,0
"450",5,7,4,3,0,0,0,0
"451",5,7,4,6,0,0,0,0
"452",5,7,4,8,0,0,0,0
"453",5,7,6,2,0,0,1,1
"454",5,7,6,3,0,0,0,0
"455",5,7,6,4,0,0,0,0
"456",5,7,6,8,0,0,0,0
"457",5,7,8,2,0,0,1,0
"458",5,7,8,3,0,0,0,0
"459",5,7,8,4,0,0,0,0
"460",5,7,8,6,0,0,0,0
"461",5,8,2,3,0,0,0,0
"462",5,8,2,4,0,0,0,0
"463",5,8,2,6,0,0,1,1
"464",5,8,2,7,0,0,0,0
"465",5,8,3,2,0,0,0,0
"466",5,8,3,4,0,0,0,0
"467",5,8,3,6,0,0,0,0
"468",5,8,3,7,0,0,0,0
"469",5,8,4,2,0,0,0,0
"470",5,8,4,3,0,0,0,0
"471",5,8,4,6,0,0,0,0
"472",5,8,4,7,0,0,0,0
"473",5,8,6,2,0,0,1,1
"474",5,8,6,3,0,0,0,0
"475",5,8,6,4,0,0,0,0
"476",5,8,6,7,0,0,0,0
"477",5,8,7,2,0,0,1,1
"478",5,8,7,3,0,0,0,0
"479",5,8,7,4,0,0,0,0
"480",5,8,7,6,0,0,0,0
"481",6,2,3,4,0,0,0,0
"482",6,2,3,5,0,0,0,0
"483",6,2,3,7,0,0,0,0
"484",6,2,3,8,0,0,0,0
"485",6,2,4,3,0,0,0,0
"486",6,2,4,5,0,0,0,0
"487",6,2,4,7,0,0,0,0
"488",6,2,4,8,0,0,0,0
"489",6,2,5,3,0,0,0,0
"490",6,2,5,4,0,0,0,0
"491",6,2,5,7,0,0,0,0
"492",6,2,5,8,0,0,0,0
"493",6,2,7,3,0,0,0,0
"494",6,2,7,4,0,0,0,0
"495",6,2,7,5,0,0,0,0
"496",6,2,7,8,0,0,0,0
"497",6,2,8,3,0,0,0,0
"498",6,2,8,4,0,0,0,0
"499",6,2,8,5,0,0,0,0
"500",6,2,8,7,0,0,0,0
"501",6,3,2,4,0,0,0,0
"502",6,3,2,5,0,0,0,0
"503",6,3,2,7,0,0,0,0
"504",6,3,2,8,0,0,0,0
"505",6,3,4,2,0,0,0,0
"506",6,3,4,5,0,0,0,0
"507",6,3,4,7,0,0,1,0
"508",6,3,4,8,0,0,0,0
"509",6,3,5,2,0,0,0,0
"510",6,3,5,4,0,0,0,0
"511",6,3,5,7,0,0,0,0
"512",6,3,5,8,0,0,0,0
"513",6,3,7,2,0,0,0,0
"514",6,3,7,4,0,0,1,0
"515",6,3,7,5,0,0,0,0
"516",6,3,7,8,0,0,0,0
"517",6,3,8,2,0,0,0,0
"518",6,3,8,4,0,0,0,0
"519",6,3,8,5,0,0,0,0
"520",6,3,8,7,0,0,0,0
"521",6,4,2,3,0,0,0,0
"522",6,4,2,5,0,0,0,0
"523",6,4,2,7,0,0,0,0
"524",6,4,2,8,0,0,0,0
"525",6,4,3,2,0,0,0,0
"526",6,4,3,5,0,0,0,0
"527",6,4,3,7,0,0,1,0
"528",6,4,3,8,0,0,0,0
"529",6,4,5,2,0,0,0,0
"530",6,4,5,3,0,0,1,0
"531",6,4,5,7,0,0,0,0
"532",6,4,5,8,0,0,1,1
"533",6,4,7,2,0,0,0,0
"534",6,4,7,3,0,0,1,0
"535",6,4,7,5,0,0,0,0
"536",6,4,7,8,0,0,1,1
"537",6,4,8,2,0,0,0,0
"538",6,4,8,3,0,0,0,0
"539",6,4,8,5,0,1,0,0
"540",6,4,8,7,0,0,1,1
"541",6,5,2,3,0,0,0,0
"542",6,5,2,4,0,0,0,0
"543",6,5,2,7,0,0,0,0
"544",6,5,2,8,0,0,0,0
"545",6,5,3,2,0,0,0,0
"546",6,5,3,4,0,0,0,0
"547",6,5,3,7,0,0,0,0
"548",6,5,3,8,0,0,0,0
"549",6,5,4,2,0,0,0,0
"550",6,5,4,3,0,0,1,0
"551",6,5,4,7,0,0,0,0
"552",6,5,4,8,0,0,1,0
"553",6,5,7,2,0,0,0,0
"554",6,5,7,3,0,0,1,0
"555",6,5,7,4,0,0,0,0
"556",6,5,7,8,0,0,1,0
"557",6,5,8,2,0,0,0,0
"558",6,5,8,3,0,0,0,0
"559",6,5,8,4,0,0,0,0
"560",6,5,8,7,0,0,0,0
"561",6,7,2,3,0,0,0,0
"562",6,7,2,4,0,0,0,0
"563",6,7,2,5,0,0,0,0
"564",6,7,2,8,0,0,0,0
"565",6,7,3,2,0,0,0,0
"566",6,7,3,4,0,0,1,1
"567",6,7,3,5,0,0,0,0
"568",6,7,3,8,0,0,0,0
"569",6,7,4,2,0,0,0,0
"570",6,7,4,3,0,0,1,1
"571",6,7,4,5,0,0,0,0
"572",6,7,4,8,0,0,1,1
"573",6,7,5,2,0,0,0,0
"574",6,7,5,3,0,0,1,1
"575",6,7,5,4,0,0,0,0
"576",6,7,5,8,0,0,1,1
"577",6,7,8,2,0,0,0,0
"578",6,7,8,3,0,0,0,0
"579",6,7,8,4,0,0,1,1
"580",6,7,8,5,0,0,0,0
"581",6,8,2,3,0,0,0,0
"582",6,8,2,4,0,0,0,0
"583",6,8,2,5,0,0,0,0
"584",6,8,2,7,0,0,0,0
"585",6,8,3,2,0,0,0,0
"586",6,8,3,4,0,0,0,0
"587",6,8,3,5,0,0,0,0
"588",6,8,3,7,0,0,0,0
"589",6,8,4,2,0,0,0,0
"590",6,8,4,3,0,0,0,0
"591",6,8,4,5,0,0,0,0
"592",6,8,4,7,0,0,1,1
"593",6,8,5,2,0,0,0,0
"594",6,8,5,3,0,0,0,0
"595",6,8,5,4,0,1,0,0
"596",6,8,5,7,0,0,0,0
"597",6,8,7,2,0,0,0,0
"598",6,8,7,3,0,0,0,0
"599",6,8,7,4,0,0,1,1
"600",6,8,7,5,0,0,0,0
"601",7,2,3,4,0,0,0,0
"602",7,2,3,5,0,0,0,0
"603",7,2,3,6,0,0,0,0
"604",7,2,3,8,0,0,0,0
"605",7,2,4,3,0,0,0,0
"606",7,2,4,5,0,0,0,0
"607",7,2,4,6,0,0,1,0
"608",7,2,4,8,0,0,0,0
"609",7,2,5,3,0,0,0,0
"610",7,2,5,4,0,0,0,0
"611",7,2,5,6,0,0,1,0
"612",7,2,5,8,0,0,0,0
"613",7,2,6,3,0,0,0,0
"614",7,2,6,4,0,0,0,0
"615",7,2,6,5,0,0,1,0
"616",7,2,6,8,0,0,0,0
"617",7,2,8,3,0,0,0,0
"618",7,2,8,4,0,0,0,0
"619",7,2,8,5,0,0,1,1
"620",7,2,8,6,0,0,1,0
"621",7,3,2,4,0,0,0,0
"622",7,3,2,5,0,0,0,0
"623",7,3,2,6,0,0,0,0
"624",7,3,2,8,0,0,0,0
"625",7,3,4,2,0,0,0,0
"626",7,3,4,5,0,0,0,0
"627",7,3,4,6,0,0,0,0
"628",7,3,4,8,0,0,0,0
"629",7,3,5,2,0,0,0,0
"630",7,3,5,4,0,0,0,0
"631",7,3,5,6,0,0,0,0
"632",7,3,5,8,0,0,0,0
"633",7,3,6,2,0,0,0,0
"634",7,3,6,4,0,0,1,0
"635",7,3,6,5,0,0,1,0
"636",7,3,6,8,0,0,0,0
"637",7,3,8,2,0,0,0,0
"638",7,3,8,4,0,0,0,0
"639",7,3,8,5,0,0,0,0
"640",7,3,8,6,0,0,0,0
"641",7,4,2,3,0,0,0,0
"642",7,4,2,5,0,0,0,0
"643",7,4,2,6,0,0,1,1
"644",7,4,2,8,0,0,0,0
"645",7,4,3,2,0,0,0,0
"646",7,4,3,5,0,0,0,0
"647",7,4,3,6,0,0,0,0
"648",7,4,3,8,0,0,0,0
"649",7,4,5,2,0,0,0,0
"650",7,4,5,3,0,0,1,0
"651",7,4,5,6,0,0,1,1
"652",7,4,5,8,0,0,1,1
"653",7,4,6,2,0,0,0,0
"654",7,4,6,3,0,0,0,0
"655",7,4,6,5,0,0,0,0
"656",7,4,6,8,0,0,1,1
"657",7,4,8,2,0,0,0,0
"658",7,4,8,3,0,0,0,0
"659",7,4,8,5,0,0,0,0
"660",7,4,8,6,0,0,1,1
"661",7,5,2,3,0,0,0,0
"662",7,5,2,4,0,0,0,0
"663",7,5,2,6,0,0,1,1
"664",7,5,2,8,0,0,0,0
"665",7,5,3,2,0,0,0,0
"666",7,5,3,4,0,0,0,0
"667",7,5,3,6,0,0,0,0
"668",7,5,3,8,0,0,0,0
"669",7,5,4,2,0,0,0,0
"670",7,5,4,3,0,0,1,0
"671",7,5,4,6,0,0,1,0
"672",7,5,4,8,0,0,1,0
"673",7,5,6,2,0,0,1,1
"674",7,5,6,3,0,0,0,0
"675",7,5,6,4,0,0,0,0
"676",7,5,6,8,0,0,1,1
"677",7,5,8,2,0,0,0,0
"678",7,5,8,3,0,0,0,0
"679",7,5,8,4,0,0,0,0
"680",7,5,8,6,0,0,1,1
"681",7,6,2,3,0,0,0,0
"682",7,6,2,4,0,0,0,0
"683",7,6,2,5,0,0,1,0
"684",7,6,2,8,0,0,0,0
"685",7,6,3,2,0,0,0,0
"686",7,6,3,4,0,0,1,1
"687",7,6,3,5,0,0,1,1
"688",7,6,3,8,0,0,0,0
"689",7,6,4,2,0,0,0,0
"690",7,6,4,3,0,0,0,0
"691",7,6,4,5,0,0,0,0
"692",7,6,4,8,0,0,1,1
"693",7,6,5,2,0,0,1,0
"694",7,6,5,3,0,0,0,0
"695",7,6,5,4,0,0,0,0
"696",7,6,5,8,0,0,1,1
"697",7,6,8,2,0,0,0,0
"698",7,6,8,3,0,0,0,0
"699",7,6,8,4,0,0,1,1
"700",7,6,8,5,0,0,1,1
"701",7,8,2,3,0,0,0,0
"702",7,8,2,4,0,0,0,0
"703",7,8,2,5,0,0,1,1
"704",7,8,2,6,0,0,1,1
"705",7,8,3,2,0,0,0,0
"706",7,8,3,4,0,0,0,0
"707",7,8,3,5,0,0,0,0
"708",7,8,3,6,0,0,0,0
"709",7,8,4,2,0,0,0,0
"710",7,8,4,3,0,0,0,0
"711",7,8,4,5,0,0,0,0
"712",7,8,4,6,0,0,1,1
"713",7,8,5,2,0,0,0,0
"714",7,8,5,3,0,0,0,0
"715",7,8,5,4,0,0,0,0
"716",7,8,5,6,0,0,1,1
"717",7,8,6,2,0,0,0,0
"718",7,8,6,3,0,0,0,0
"719",7,8,6,4,0,0,1,1
"720",7,8,6,5,0,0,1,1
"721",8,2,3,4,0,0,0,0
"722",8,2,3,5,0,0,0,0
"723",8,2,3,6,0,0,0,0
"724",8,2,3,7,0,0,0,0
"725",8,2,4,3,0,0,0,0
"726",8,2,4,5,0,0,0,0
"727",8,2,4,6,0,0,1,0
"728",8,2,4,7,0,0,1,0
"729",8,2,5,3,0,0,0,0
"730",8,2,5,4,0,0,0,0
"731",8,2,5,6,0,0,1,0
"732",8,2,5,7,0,0,0,0
"733",8,2,6,3,0,0,0,0
"734",8,2,6,4,0,1,1,0
"735",8,2,6,5,0,0,1,0
"736",8,2,6,7,0,0,1,0
"737",8,2,7,3,0,0,0,0
"738",8,2,7,4,0,0,1,0
"739",8,2,7,5,0,0,0,0
"740",8,2,7,6,0,0,1,0
"741",8,3,2,4,0,0,0,0
"742",8,3,2,5,0,0,0,0
"743",8,3,2,6,0,0,0,0
"744",8,3,2,7,0,0,0,0
"745",8,3,4,2,0,0,0,0
"746",8,3,4,5,0,0,0,0
"747",8,3,4,6,0,0,0,0
"748",8,3,4,7,0,0,0,0
"749",8,3,5,2,0,0,0,0
"750",8,3,5,4,0,0,0,0
"751",8,3,5,6,0,0,0,0
"752",8,3,5,7,0,0,0,0
"753",8,3,6,2,0,0,0,0
"754",8,3,6,4,0,0,0,0
"755",8,3,6,5,0,0,0,0
"756",8,3,6,7,0,0,0,0
"757",8,3,7,2,0,0,0,0
"758",8,3,7,4,0,0,0,0
"759",8,3,7,5,0,0,0,0
"760",8,3,7,6,0,0,0,0
"761",8,4,2,3,0,0,0,0
"762",8,4,2,5,0,0,0,0
"763",8,4,2,6,0,0,1,1
"764",8,4,2,7,0,0,1,1
"765",8,4,3,2,0,0,0,0
"766",8,4,3,5,0,0,0,0
"767",8,4,3,6,0,0,0,0
"768",8,4,3,7,0,0,0,0
"769",8,4,5,2,0,0,1,1
"770",8,4,5,3,0,0,0,0
"771",8,4,5,6,0,0,1,1
"772",8,4,5,7,0,0,0,0
"773",8,4,6,2,0,0,1,1
"774",8,4,6,3,0,0,0,0
"775",8,4,6,5,0,0,0,0
"776",8,4,6,7,0,0,1,1
"777",8,4,7,2,0,0,1,1
"778",8,4,7,3,0,0,0,0
"779",8,4,7,5,0,0,0,0
"780",8,4,7,6,0,0,1,1
"781",8,5,2,3,0,0,0,0
"782",8,5,2,4,0,0,0,0
"783",8,5,2,6,0,0,1,1
"784",8,5,2,7,0,0,0,0
"785",8,5,3,2,0,0,0,0
"786",8,5,3,4,0,0,0,0
"787",8,5,3,6,0,0,0,0
"788",8,5,3,7,0,0,0,0
"789",8,5,4,2,0,0,1,0
"790",8,5,4,3,0,0,0,0
"791",8,5,4,6,0,0,1,0
"792",8,5,4,7,0,0,0,0
"793",8,5,6,2,0,0,1,1
"794",8,5,6,3,0,0,0,0
"795",8,5,6,4,0,0,0,0
"796",8,5,6,7,0,0,0,0
"797",8,5,7,2,0,0,1,1
"798",8,5,7,3,0,0,0,0
"799",8,5,7,4,0,0,0,0
"800",8,5,7,6,0,0,1,0
"801",8,6,2,3,0,0,0,0
"802",8,6,2,4,0,1,1,0
"803",8,6,2,5,0,0,1,0
"804",8,6,2,7,0,0,1,0
"805",8,6,3,2,0,0,0,0
"806",8,6,3,4,0,0,0,0
"807",8,6,3,5,0,0,0,0
"808",8,6,3,7,0,0,0,0
"809",8,6,4,2,0,0,1,0
"810",8,6,4,3,0,0,0,0
"811",8,6,4,5,0,0,0,0
"812",8,6,4,7,0,0,1,1
"813",8,6,5,2,0,0,1,0
"814",8,6,5,3,0,0,0,0
"815",8,6,5,4,0,0,0,0
"816",8,6,5,7,0,0,0,0
"817",8,6,7,2,0,0,1,0
"818",8,6,7,3,0,0,0,0
"819",8,6,7,4,0,0,1,1
"820",8,6,7,5,0,0,0,0
"821",8,7,2,3,0,0,0,0
"822",8,7,2,4,0,0,1,0
"823",8,7,2,5,0,0,0,0
"824",8,7,2,6,0,0,1,1
"825",8,7,3,2,0,0,0,0
"826",8,7,3,4,0,0,0,0
"827",8,7,3,5,0,0,0,0
"828",8,7,3,6,0,0,0,0
"829",8,7,4,2,0,0,1,0
"830",8,7,4,3,0,0,0,0
"831",8,7,4,5,0,0,0,0
"832",8,7,4,6,0,0,1,1
"833",8,7,5,2,0,0,1,1
"834",8,7,5,3,0,0,0,0
"835",8,7,5,4,0,0,0,0
"836",8,7,5,6,0,0,1,1
"837",8,7,6,2,0,0,1,1
"838",8,7,6,3,0,0,0,0
"839",8,7,6,4,0,0,1,1
"840",8,7,6,5,0,0,0,0
